{
  "point_a": [
    91,
    928
  ],
  "point_b": [
    1149,
    88
  ],
  "scale_x": 0.9990557129367328,
  "scale_y": 1.003584229390681,
  "dialog_offset_x": 0,
  "dialog_offset_y": 0
}